<?xml version="1.0" encoding="UTF-8"?>
<project-private xmlns="http://www.netbeans.org/ns/project-private/1">
    <editor-bookmarks xmlns="http://www.netbeans.org/ns/editor-bookmarks/2" lastBookmarkId="1">
        <file>
            <url>src/addressbook/AddressBookController.java</url>
            <bookmark id="1">
                <name/>
                <line>55</line>
                <key/>
            </bookmark>
        </file>
    </editor-bookmarks>
    <open-files xmlns="http://www.netbeans.org/ns/projectui-open-files/2">
        <group>
            <file>file:/C:/DAT216/DAT-216/resources%20(fx)%20v1.1/Lab1/src/addressbook/resources/AddressBook.properties</file>
            <file>file:/C:/DAT216/DAT-216/resources%20(fx)%20v1.1/Lab1/src/addressbook/resources/AddressBook_sv_SE.properties</file>
        </group>
    </open-files>
</project-private>
